verse;English;Basque;gloss;marker;allomorph;type;remarks;semantics
41001009;And it came to pass in those days , that Jesus <came from Nazareth of Galilee> , and was baptized of John in Jordan .;Egun heietarik batez, Jesus <Galileako Nazaretetik etorri zen>, eta Joanesek Jordanean bataiatu zuen.;Galilee-REL Nazareth-ABL come.PFV was;–tik;;postposition;;settlement
41001010;And straightway <coming up out of the water>, he saw the heavens opened , and the Spirit like a dove descending upon him :;<Uretik ateratzean>, Jesusek zerua urratzen ikusi zuen eta Izpiritua, uso bat bezala, bereganat jausten.;water-ABL when_going_out;–tik;;postposition;;substance
41001025;And Jesus rebuked him , saying , Hold thy peace , and <come out of him> .; Jesusek larderiatu zuen: –Ago ixilik, eta <gizon hortarik atera hadi>! ; man that.OBL-ABL go_out IMP.INTR.2SG ;–(r)ik;;postposition;Today -tatik & -tarik are considered allomorphs, but actually -rik is the old partitive marker which expressed SOURCE. Interestingly, in this example the source is not encoded with animacy marker.;person
41001026;And when the unclean spirit had torn him , and cried with a loud voice , he <came out of him>.;Izpiritu gaixtoak inarrosi zuen gogorki, eta orro bat eginez, <hartarik atera zen>. ;s/he.OBL-ABL go_out.PFV was ;–(r)ik;;postposition;Today -tatik & -tarik are considered allomorphs, but actually -rik is the old partitive marker which expressed SOURCE. Interestingly, in this example the source is not encoded with animacy marker.;person
41001029;And forthwith , when they were <come out of the synagogue> , they entered into the house of Simon and Andrew , with James and John .;Jesus, sinagogatik atera bezain laster, Simon eta Andreren etxerat joan zen, Jakobe eta Joanirekin.;synagogue-ABL go out;–tik;;postposition;;building
41003007;But Jesus withdrew himself with his disciples to the sea : and a great <multitude from Galilee followed him>, and from Judaea;Jesus laku-bazterrerat joan zen bere dizipuluekin. <Galileatik jendetze handia jarraiki zitzaion>.;Galilee-ABL multitude big-SG follow-PFV AUX ;–tik;;postposition;In Northern Basque translation Galilee is the SOURCE for the verb FOLLOW, rather than the origin of the multitude who followed Jesus.;settlement
41003007a;But Jesus withdrew himself with his disciples to the sea : and a great multitude from Galilee followed him, and <from Judaea>; Eta harek egiten zituenak entzunik, <Judea, Jerusalem, Idumea, Jordanez hainditik>, Tir eta Sidon aldetik ere jendetze handia etorri zitzaion.;Judaea, Jerusalem, Idumaea, Jordan-INS beyond-ABL;–tik;;postposition;Basque translation differs from King Jame's version. The ABL marker governs the whole list of places, which includes Judaea.;settlement
41003008;"And <from Jerusalem> , and from Idumaea , and from beyond Jordan ; and they about Tyre and Sidon , a great multitude , when they had heard what great things he did , came unto him ."; Eta harek egiten zituenak entzunik, <Judea, Jerusalem, Idumea, Jordanez hainditik>, Tir eta Sidon aldetik ere jendetze handia etorri zitzaion.;Judaea, Jerusalem, Idumaea, Jordan-INS beyond-ABL;–tik;;postposition;Basque translation differs from King Jame's version. The ABL marker governs the whole list of places, which includes Jerusalem.;settlement
41003008a;"And from Jerusalem, and <from Idumaea> , and from beyond Jordan ; and they about Tyre and Sidon , a great multitude , when they had heard what great things he did , came unto him .";Eta berak egiten zituenak entzunik, <Judea, Jerusalem, Idumea, Jordanez bestalde eta Tiro eta Sidon aldetik> ere jende-talde handia bildu zitzaion.;Judaea, Jerusalem, Idumaea, Jordan-INS beyond-ABL;–tik;;postposition;Basque translation differs from King Jame's version. The ABL marker governs the whole list of places, which includes Idumaea.;settlement
41003008b;"And from Jerusalem , and from Idumaea , and <from beyond Jordan> ; and they about Tyre and Sidon , a great multitude , when they had heard what great things he did , came unto him .";Eta berak egiten zituenak entzunik, <Judea, Jerusalem, Idumea, Jordanez bestalde eta Tiro eta Sidon aldetik> ere jende-talde handia bildu zitzaion.;Judaea, Jerusalem, Idumaea, Jordan-INS beyond-ABL;–tik;;postposition;;area
41003022;And the scribes which <came down from Jerusalem> said , He hath Beelzebub , and by the prince of the devils casteth he out devils .;<Jerusalemdik jautsi> lege-irakasleek, berriz, zioten: «Beeltzebulek hartua da», eta «Debruen buruzagiaren indarrez haizatzen ditu debruak». ;Jerusalem-ABL come_down.PFV;–tik;–dik;postposition;–dik is a phonologically conditioned allomorph of –tik;settlement
41005002;And when he was <come out of the ship> , immediately there met him out of the tombs a man with an unclean spirit ,;Jesus <untzitik jaustean>, izpiritu gaixto batek hartu gizon bat hilobietarik atera zitzaion biderat. ;ship-ABL come_down.PFV;–tik;;postposition;;????
41005002a;And when he was come out of the ship , immediately there <met him out of the tombs> a man with an unclean spirit ,;Jesus untzitik jaustean, izpiritu gaixto batek hartu gizon bat <hilobietarik atera zitzaion biderat>.;tomb-PL-ABL come_out.PFV PST.ABS3SG.DAT3SG way-ALL;–tik;;postposition;"ABL marker is added to the postposition arte 'between'; lit. '[a man] came out [to Jesus] from between [the] tombs'.";building
41005008;For he said unto him , <Come out of the man >, thou unclean spirit .;Alabainan, Jesusek erraiten zion: «<Gizon hortarik atera hadi>, izpiritu gaixtoa!»;man this.OBL-ABL go_out IMP.2SG;–(r)ik;;postposition;Today -tatik & -tarik are considered allomorphs, but actually -rik is the old partitive marker which expressed SOURCE. Interestingly, in this example the source is not encoded with animacy marker.;person
41005010;And he besought him much that he would not <send them away out of the country>.;Eta otoizka eskatzen zion <lurralde hartarik kanporat igor ez zitzan>.;territory that.OBL-ABL away send NEG AUX;–(r)ik;;postposition;;area
41005017;And they began to pray him to <depart out of their coasts>.;Orduan, <heien lurraldetik urrunt zadin> otoiztu zuten Jesus.;their land-PL-ABL depart AUX;–tik;;postposition;;area
41005030;And Jesus , immediately knowing in himself that virtue <had gone out of him>, turned him about in the press , and said , Who touched my clothes ?;Jesus berehala ohartu zen halako indar bat atera zitzaiola eta, jendartean itzulirik, galdatu zuen: –Nork hunki dauzkit soinekoak?;;NA;;;Basque translation does not explicitly encode SOURCE.;
41005035;While he yet spake , there <came from the ruler of the synagogue's house> certain which said , Thy daughter is dead : why troublest thou the Master any further ?;Oraino mintzo zela, <sinagogako buruzagiaren etxetik> zenbait etorri ziren erraitera: «Alaba hil zaizu. Zertako neka zinezake oraino Irakasle jauna?»;synagogue-REL ruler-SG-GEN house-ABL;–tik;;postposition;;building
41006010;And he said unto them , In what place soever ye enter into an house , there abide till ye <depart from that place>.;Erran zioten ere: «Etxe batean sartuko zireztenean, zaudezte han <herri hartarik atera> arte. ;countryside/town that.OBL-ABL go_out;–(r)ik;;postposition;;area
41006033;And the people saw them departing , and many knew him , and <ran afoot thither out of all cities>, and outwent them , and came together unto him .;Bainan jendeek joaiten ikusi eta ainitzek ezagutu zituzten. Oinez <herri guzietarik leku hartarat laster egin zuten>, aitzintzen zituztela.;village all-PL-ABL place that.OBL-ALL hurry do QUX;–(r)ik;;postposition;;settlement
41006054;And when they were <come out of the ship>, straightway they knew him ,;<Untzitik atera zireneko>, jendeak Jesus ezagutu zuen,;ship-ABL come_out AUX.REL;–tik;;postposition;;????
41007001;Then came together unto him the Pharisees , and certain of the scribes , which <came from Jerusalem> .;Jesusen ondorat bildu ziren farisauek eta <Jerusalemdik etorri> lege-irakasle zenbaitek;Jerusalem-ABL come.PFV;–tik;–dik;postposition;–dik is a phonologically conditioned allomorph of –tik;settlement
41007015;There is nothing <from without a man>, that entering into him can defile him : but the things which come out of him , those are they that defile the man .;"Ez da deus, <kanpotik> jendearen barnerat sartuz, hura lohi dezakeenik; barnetik ateratzen zaionak du jendea lohitzen».";outside-ABL;–tik;;postposition;;deictic?
41007015a;There is nothing from without a man, that entering into him can defile him : but the things which <come out of him> , those are they that defile the man .;"Ez da deus, kanpotik jendearen barnerat sartuz, hura lohi dezakeenik; <barnetik ateratzen zaionak> du jendea lohitzen».";inside-ABL go out-IPFV PRS.ABS3SG.DAT3SG-SBRD-SG.ERG;–tik;;postposition;;person
41007020;And he said , That which <cometh out of the man>, that defileth the man .;Eta erran zuen oraino: – <Jendeaganik ateratzen> denak, harek du jendea lohitzen! 2;people-PL.GEN-ANIM-ABL go out.IPFV;–(r)ik;;postposition;;person
41007021;For <from within>, out of the heart of men , proceed evil thoughts , adulteries , fornications , murders ,;Alabainan, <barnetik>, jendeen bihotzetik ateratzen dira arrazoin gaixto, lizunkeria, ohointza, hilketa,;inside-ABL;–tik;;postposition;;deictic?
41007021a;For from within , <out of the heart> of men , proceed evil thoughts , adulteries , fornications , murders ,;Alabainan, barnetik, <jendeen bihotzetik> ateratzen dira arrazoin gaixto, lizunkeria, ohointza, hilketa,;people-PL.GEN heart-ABL;–tik;;postposition;;body organ
41007023;All these evil things <come from within>, and defile the man .;Tzarkeria horiek guziak <barnetik ateratzen dira>, eta jendea lohitzen dute.;inside-ABL go_out-IPFV AUX;–tik;;postposition;;deictic?
41007026;"The woman was a Greek , a Syrophenician by nation ; and she besought him that he would <cast forth the devil out of her daughter>.";Emaztea paganoa zen, feniziarra, eta debrua <bere alabaganik haiza zezan> galdegiten zion Jesusi.;POSS.3SG daughter.SG-ANIM-ABL cast AUX;–ik;;postposition;With animate nouns the sequence can be either NOUN-DET-GEN-ANIM-ABL or NOUN-DET-ANIM-ABL;person
41007029;"And he said unto her , For this saying go thy way ; the devil <is gone out of thy daughter> .";"Orduan, Jesusek: –Ele horrengatik, zoazi; <debrua zure alabaganik atera da>."; devil-DET your daughter.SG-ANIM-ABL go_out.PFV is;–(r)ik;;postposition;;person
41007031;And again , <departing from the coasts of Tyre> and Sidon , he came unto the sea of Galilee , through the midst of the coasts of Decapolis .;<Tireko lurraldetik atera> eta Sidonen barna, Galileako lakualde joan zen berriz, Dekapolisko lurraldean gaindi.;Tyre-REL country-ABL go_out.PFV;–tik;;;;area
41008003;And if I send them away fasting to their own houses , they will faint by the way : for divers of them <came from far>.;"Etxerat barurik igortzen baditut, ahuleziak joko ditu bidean; zenbait <urrunetik etorriak dira>.";far-ABL come.PFV-RES are;–tik;;postposition;;deictic?
41008023;"And he took the blind man by the hand , and led him <out of the town>; and when he had spit on his eyes , and put his hands upon him , he asked him if he saw ought .";Jesusek itsua eskutik hartu eta <herritik kanporat> ereman zuen. Begiak tuz perekatu ondoan, eskuak gainean ezarri ziozkan eta galdatu: –Zerbait ikusten duzu?;town-ABL out-ALL;–tik;;postposition;;settlement
41009007;And there was a cloud that overshadowed them : and a voice <came out of the cloud>, saying , This is my beloved Son : hear him .;Orduan, hodei batek estali zituen eta mintzo bat <izan zen hodeitik>: «Hau da nere seme maitea. Entzun zazue!»;be was cloud-ABL;–tik;;postposition;Source is expressed, but without a verb of mouvement. in Old Basque the verb TO BE, when used together with ABL or ALL cases, could express mouvement. Northern dialects have preserved this archaism.;substance
41009025;When Jesus saw that the people came running together , he rebuked the foul spirit , saying unto him , Thou dumb and deaf spirit , I charge thee , <come out of him> , and enter no more into him .;Jendaldea metatzen ari zela ikusirik, Jesusek izpiritu gaixtoa mehatxatu zuen: –Izpiritu mutu eta elkorra, nik manatzen daiat: <haur hortarik atera hadi> eta ez gehiago sar horren baitan.;child that.OBL-ABL come_out IMP.2SG ;–tik;–dik;postposition;;person
41010046;And they came to Jericho : and as he <went out of Jericho> with his disciples and a great number of people , blind Bartimaeus , the son of Timaeus , sat by the highway side begging .;Jerikorat heldu ziren. Eta Jesus bere dizipuluekin eta jende alde batekin <Jerikotik ateratzean>, Timeoren seme, Bartime, eskale itsua, bide-bazterrean jarririk zagon.;Jericho-ABL go_out-NMLZ-INE;–tik;;postposition;;settlement
41011012;And on the morrow , when they were <come from Bethany> , he was hungry :;Biharamunean, <Betaniatik ateratzean>, Jesus gose zen.;Bethany-ABL go_out-NMLZ-INE;–tik;;postposition;;settlement
41011019;And when even was come , he <went out of the city> .;Arratsean, Jesus eta dizipuluak <hiritik atera ziren>.;city-ABL go_out.PFV were;–tik;;postposition;;settlement
41012008;And they took him , and killed him , and <cast him out of the vineyard >.;Hartu, hil eta <mahastitik kanporat bota zuten>.;wineyard-ABL out-ALL cast.PFV AUX;–tik;;postposition;;open space
41013001;And as he <went out of the temple> , one of his disciples saith unto him , Master , see what manner of stones and what buildings are here !; Jesus <tenplutik ateratzean>, bere dizipuluetarik batek erran zion: –Irakasle jauna, so egizu nolako harriak eta nolako eraikinak!;temple-ABL when_going_out;–tik;;postposition;;building
41016009;Now when Jesus was risen early the first day of the week , he appeared first to Mary Magdalene , <out of whom he had cast seven devils> .;Asteko lehen egun goizean pizturik, Jesus lehenik Magdalako Mariari agertu zitzaion, <zazpi debru haizatu ziozkanari>.;seven devil cast-PFV PST.E3SG.A3PL.D3SG.SBRD-DET-DAT;NA;;;Basque translation uses the DATIVE to express SOURCE, lit. 'to whom he cast seven devils'.;person
41014036;"And he said , Abba , Father , all things are possible unto thee ; <take away this cup from me> : nevertheless not what I will , but what thou wilt ";"Erraiten zuen: «Abba, Aita! Zuk oro egiten ahal duzu; <bazter zazu nereganik edari samin hau>! Halere, ez nik nahi dutana, baizik zuk nahi duzuna».";move_away IMP.ERG2>ABS3 1SG-GEN-ANIM-ABL beverage bitter this;–(r)ik;;postposition;;person
41002021;No man also seweth a piece of new cloth on an old garment : else the new piece that filled it up <taketh away from the old> , and the rent is made worse .;"Nihork ez dio soineko zaharrari oihal berrizko petatxurik josten; bestela, puska berria zaharrari tiraka aritzen zaio eta urradura handiagotzen da.";;NA;;;Basque translation differs. ≈ 'The new piece would force the old coth and make a bigger hole'. ;
41007017;And when he was entered into the house <from the people> , his disciples asked him concerning the parable .;<Jendeetarik> urrun, etxean sartu zelarik, hitz horiek zer erran nahi zuten galdatu zioten dizipuluek.;people-PL-ABL;–(r)ik;;postposition;ABL marker is added without the animacy marker to the word 'people', because the relevant semantic content is 'multitude' as a mass.;people
41009026;"And the spirit cried , and rent him sore , and <came out of him>: and he was as one dead ; insomuch that many said , He is dead .";"Oihuka eta zalapartaka <atera zen> izpiritu gaixtoa. Haurra hilik bezala gelditu zen. Ainitzek hila zela zioten; ";go_out.PFV was;NA;;;SOURCE is omitted in the Basuqe translation.;
41012002;And at the season he sent to the husbandmen a servant , that he might <receive from the husbandmen> of the fruit of the vineyard .;Sasoina etorri zenean, mutil bat igorri zioten mahastizaineri, mahastiaren fruituetarik parte bat <heienganik altxatzeko>.;3PL.GEN-ANIM-ABL take-NMLZ-PURP;–(r)ik;;postposition;;person
41013015;And let him that is on the housetop not go down into the house , neither enter therein , to <take any thing out of his house> :;etxegainean izanen dena ez bedi jauts, etxean ez bedi sar zerbaiten hartzeko, ;;NA;;;;building
41014052;And he left the linen cloth , and <fled from them> naked .;Bainan oihala utzi eta biluzik ihes egin zuen.;;NA;;;;
41014054;And Peter <followed him afar off> , even into the palace of the high priest : and he sat with the servants , and warmed himself at the fire .;Petri <urrundik jarraiki zitzaion>, apezburuaren jauregi barneraino. Eta mutilekin jarririk zagon, su ondoan berotzen.;far-ABL follow-PFV AUX;–tik;–dik;postposition;;deictic?
41001045;But he went out , and began to publish it much , and to blaze abroad the matter , insomuch that Jesus could no more openly enter into the city , but was without in desert places : and they <came to him from every quarter> .;"Hura, atera orduko, gertatu zenaren goraki oihukatzen eta zabaltzen hasi zen. Horrengatik, Jesus ez zaitekeen agerian sar herri batean; kanpoan egoiten zen, bazterlekuetan. Halere <jendea nun-nahitik etortzen zitzaion>.";people-DET everywhere-ABL come-IPFV ABS3SG.PST-DAT3SG-PST ;–tik;–dik;postposition;–dik is a phonologically conditioned allomorph of –tik;quantor?
41006001;"And he <went out from thence> , and came into his own country ; and his disciples follow him .";"<Handik atera> eta bere herrirat joan zen Jesus; dizipuluak jarraiki zitzaizkion.";there-ABL go_out.PFV;–tik;–dik;postposition;–dik is a phonologically conditioned allomorph of –tik;deictic
41007024;And <from thence he arose>, and went into the borders of Tyre and Sidon , and entered into an house , and would have no man know it : but he could not be hid .;"<Handik>, Tireko lurralderat joan zen Jesus. Etxe batean sartu zen, eta ez zuen nahi nehork jakin zezan; bainan ezin izan zuen gordean egon.";there-ABL;–tik;–dik;postposition;–dik is a phonologically conditioned allomorph of –tik;deictic
41007033;"And he <took him aside from the multitude>, and put his fingers into his ears , and he spit , and touched his tongue ;";Jesusek, <jendearenganik berex harturik>, eriak beharrietan ezarri ziozkan, eta tuarekin mihia hunki. ;people-SG-GEN-ANIM-ABL aside take-PFV-RES;–(r)ik;;postposition;;people
41010001;"And he <arose from thence>, and cometh into the coasts of Judaea by the farther side of Jordan : and the people resort unto him again ; and , as he was wont , he taught them again .";<Handik ateraturik>, Jesus Judeako lurralderat, Jordanez bestalderat joan zen. Berriz jendaldeak bildu zitzaizkion ondorat, eta bera, ohi zuen bezala, berriz irakasten hasi zitzaioten;there-ABL go_out.PFV-RES;–tik;;postposition;–dik is a phonologically conditioned allomorph of –tik;deictic
41013027;And then shall he send his angels , and shall gather together his elect <from the four winds> , from the uttermost part of the earth to the uttermost part of heaven .;Orduan, aingeruak igorri eta bere hautetsiak bilduko ditu <lau haizeetarik>, lurraren hegal batetik zeruaren beste hegaleraino.;four wind-PL-ABL;–tik;;postposition;;area
41013027a;And then shall he send his angels , and shall gather together his elect from the four winds , <from the uttermost part of the earth> to the uttermost part of heaven .;Orduan, aingeruak igorri eta bere hautetsiak bilduko ditu lau haizeetarik, <lurraren hegal batetik zeruaren beste hegaleraino>.;earth-SG-GEN part one-ABL other part-TERM;–tik;;postposition;Basque translation differs. The idea is ≈ 'from on end of the Earth until the other'.;area
41014043;And immediately , while he yet spake , cometh Judas , one of the twelve , and with him a great multitude with swords and staves ,<from the chief priests> and the scribes and the elders .;Eta berehala, Jesus mintzo zelarik oraino, han agertu zen Judas, Hamabietarik bat, eta jendalde bat harekin, ezpata eta makilak eskuetan, apezburu, lege-irakasle eta zaharrek igorririk.;;NA;;;"Basque paraphrases like this: 'Sent BY the chief priests, the scribes and the elders"". In this construction, what in English version is SOURCE becomes AGENT, and it is expressed by means of the ergative case.";
41016003;And they said among themselves , Who shall <roll us away the stone from the door> of the sepulchre ?;Elkarren artean ari ziren: «Nork <itzulikatuko dauku hilobiaren sargiako harria>?»;remove.PFV-PROSP PSR.A3SG.D1PL.E3SG tomb-SG-GEN entrance-REL stone-DET;NA;;postposition;Relational suffix -ko, whose general meaning is 'of'.;Building?
41016008;"And they went out quickly , and <fled from the sepulchre> ; for they trembled and were amazed : neither said they any thing to any man ; for they were afraid .";"Emazteek <hilobitik atera eta ihes egin zuten>, ikaran eta harriturik; eta nehori ez zioten deusik erran, beldur baitziren.";tomb-ABL go_out and escape do AUX;–tik;;postposition;;building
41001011;And there <came a voice from heaven> , saying , Thou art my beloved Son , in whom I am well pleased .;Eta <zerutikako mintzo bat> entzun zen: «Zu zaitut neure seme maitea, zu zaitut atsegin».;heaven-ABL-REL voice a;–tik;–tika;postposition;"Agglutination of the elational suffix -ko upon the ABL allomorph -tika. In this Northern Basque translation the ABL marker is enough to encode movement, so ""zerutikako mintzo bat"" means ""a voice [which came] from Heaven"".";above
41007004;And when they <come from the market> , except they wash , they eat not . And many other things there be , which they have received to hold , as the washing of cups , and pots , brasen vessels , and of tables .;"<Plazatik etxeratzean> ere ez dute jaten beren buruen garbiketa egin gabe; eta beste gauza ainitzi ere ohiduraz atxikiak dira, hala nola kopa, pitxer eta untzien garbitzeari.";market-ABL when_coming_home;–tik;;postposition;;open space
41008011;And the Pharisees came forth , and began to question with him , seeking of him <a sign from heaven> , tempting him .;Farisauak etorri eta Jesusekin eztabadan hasi ziren, <Jainkoarenganikako seinale bat> eskatuz: hutsean atzeman nahi zuten.;God-SG-GEN-ANIM-ABL-REL sign a;–(r)ik;;postposition;Agglutination of ABL marker -(r)ik(a) + relational suffix -ko, because in the sentence SOURCE is used as an adjectival structure, and the head of the NP is a sign. ;God
41009009;And as they <came down from the mountain>, he charged them that they should tell no man what things they had seen , till the Son of man were risen from the dead .;<Menditik jaustean>, ikusi zutena nehori ez aipatzeko manatu zioten, gizonaren semea hiletarik piztu arte.;mountain-ABL come_down.NMLZ-INE;–tik;;postposition;;above
41015020;And when they had mocked him , they <took off the purple from him>, and put his own clothes on him , and led him out to crucify him .; Trufatu ondoan, soineko gorria erantzi eta bere soinekoez jantzi zuten. Gero, kanporat ereman zuten gurutzean itzatzeko.;;NA;;;;person
41015021;And they compel one Simon a Cyrenian , who passed by , <coming out of the country>, the father of Alexander and Rufus , to bear his cross .;<Landetarik etxerat> zoan bat, Simon Zirenekoa (Alexandro eta Ruforen aita), Jesusen gurutzearen eremaitera bortxatu zuten.;country-PL-ABL home-ALL;–(r)ik;;postposition;;open space
41015030;Save thyself , and <come down from the cross>.;salba zak heure burua! <Jauts hadi gurutzetik>!»;come_down IMP.INTR.2SG cross-ABL;–tik;;postposition;;artifact
41015032;Let Christ the King of Israel <descend now from the cross> , that we may see and believe . And they that were crucified with him reviled him .;Mesias Israelgo erregea <jauts dadila orai gurutzetik>, ikus eta sinets dezagun». Harekin gurutzitzatuek ere laido egiten zioten.;come_down AUX.SUBJ.COMP now cross-ABL;–tik;;postposition;;artifact
41015038;And the veil of the temple <was rent in twain from the top to the bottom>.;Orduan, tenpluko oihala <bi pusketan urratu zen, gainetik behereraino>.;two piece.PL-INE rent-PFV was top-ABL bottom-TERM;–tik;;postposition;;deictic
41001031;And he came and <took her by the hand>, and lifted her up.;Hurbildurik, jeikarazi zuen <eskutik hartuz>: sukarrak utzi zuen eta zerbitzatzen hasi zitzaioten.;hand-ABL take-PFV-INS;–tik;;postposition;PROLATIVE;body organ
41001035;And in the morning, rising up a great while before day, <he went out>, and departed into a solitary place, and there prayed.;"Goizean, oraino ilun beltza zelarik, Jesus jeiki zen, <herritik atera> eta bazterleku baterat joan; han otoitzean ari zen.";village-ABL go_out.PFV;–tik;;postposition;;settlement
41002004;they uncovered the roof where he was: and when they had broken it up, they let down the bed wherein the sick of the palsy lay. ;Bainan jendaldeagatik ezin baitzuten Jesusenganaino ereman, hura zagon parean etxegaina urratu eta <zilotik beheiti jautsi zuten> parlesiatua etzanik zagon ohetxoa.;hole-ABL down throw-PRF AUX;–tik;;postposition;PROLATIVE.;
41005027a;When she had heard of Jesus, <came in the press behind>, and touched his garment.;Jesusez erraiten zena entzunik, <jendartean gibeletik joan> eta soinekoa hunki zion,;multitude-INE behind-ABL go.PFV;–tik;;postposition;PROLATIVE;
41005041;And he <took the damsel by the hand>, and said unto her:;<Haurra eskutik hartu> eta erran zion: «Talitha kum» (erran nahi baita: «Nexka, nik diozut: iratzar zaite»).;child-DET hand-ABL take-PFV;–tik;;postposition;PROLATIVE;
41006014;<John the Baptist was risen from the dead>, and therefore mighty works do shew forth themselves in him.;"Herodes erregeak Jesusen berri jakin zuen, haren omena zabaldu baitzen. Batzuk zioten: «<Joanes Bataiatzailea hiletarik piztu da>; hortako ditu mirakuluak egiten».";John the Baptist dead-PL-ABL revive.PFV AUX;–(r)ik;;postposition;;people (dead)
41006034;And Jesus, <when he came out>, saw much people;<Untzitik jautsi zenean>, jendalde handia ikusi zuen Jesusek. Urrikaldu zitzaioten, artzainik gabeko ardiak bezala baitziren, eta gauza ainitzen irakasten hasi zitzaioten. ;vessel-SG.ABL go_down.PRV AUX.SBRD;–tik;;postposition;SOURCE is not expressed in the English version.;artifact
41007018;"And he saith unto them, Are ye so without understanding also? Do ye not perceive, that whatsoever thing <from without> entereth into the man, it cannot defile him;";Jesusek erran zioten: –Zuek ere adimendurik gabeak zirezte? Ez duzue konprenitzen <kanpotik> sartzen zaion deusek ez dezakeela jendea lohi, ;outside-ABL;–tik;;postposition;;deictic?
41008023a;"And <he took the blind man by the hand>, and led him out of the town; and when he had spit on his eyes , and put his hands upon him , he asked him if he saw ought .";<Jesusek itsua eskutik hartu> eta herritik kanporat ereman zuen. Begiak tuz perekatu ondoan, eskuak gainean ezarri ziozkan eta galdatu: –Zerbait ikusten duzu?;Jesus-ERG blind-DET hand-ABL take-PFV;–tik;;postposition;PROLATIVE;body organ
41009009a;And as they came down from the mountain, he charged them that they should tell no man what things they had seen , <till the Son of man were risen from the dead>.;<Menditik jaustean>, ikusi zutena nehori ez aipatzeko manatu zioten, <gizonaren semea hiletarik piztu arte>.;man-SG-GEN son-DET dead-PL-ABL revive.PFV until;–(r)ik;;postposition;;people (dead)
41009010;And they kept that saying with themselves, questioning one with another what <the rising from the dead> should mean.;Manu hori begiratu zuten, elkarren artean eztabada zutela «<hiletarik piztea>» zer ote zen.;dead-PL-ABL revival;–tik;;postposition;;people (dead)
41009027;"But <Jesus took him by the hand>, and lifted him up; and he arose.";bainan <Jesusek eskutik hartu> eta jeikiarazirik, xutitu zen.;Jesus-ERG hand-ABL take-PFV;–tik;;postposition;PROLATIVE;body organ
41009042;And whosoever shall offend one of these little ones that believe in me, it is better for him that <a millstone were hanged about his neck>, and he were cast into the sea.;Sinesten duten ttipi hauetarik bakar baten fedea galbidean ezartzen duenak, hobe luke <harri handi bat lepotik dilindan> itsasorat bota balezate.;stone big one neck-ABL hanging;–tik;;postposition;PROLATIVE;body organ
41010025;It is easier for a camel to go <through the eye of a needle>, than for a rich man to enter into the kingdom of God.;Kamelua <orratzaren begitik> pasatzea errexago, aberatsa Jainkoaren erresuman sartzea baino.;needle-SG-GEN eye-ABL;–tik;;postposition;PROLATIVE;body organ
41010038;But Jesus said unto them, Ye know not what ye ask: can ye drink <of the cup> that I drink of? and be baptized with the baptism that I am baptized with?;Jesusek erran zioten: –Zer eskatzen duzuen ez dakizue. On ote zirezte nik edanen dutan <edari saminetik> edateko, edo ni sartuko naizen sofrikario uretan sartzeko?;beverage bitter-ABL;–tik;;postposition;PARTITIVE;liquid
41010039;"And they said unto him, We can. And Jesus said unto them, Ye shall indeed drink of the cup that I drink of; and with the baptism that I am baptized withal shall ye be baptized:";"–On gira –erran zioten. Jesusek, orduan: –Nik edanen dutan <edari saminetik> edanen duzue, bai, eta ni sartuko naizen sofrikario uretan sartuko ere; ";beverage bitter-ABL;–tik;;postposition;PARTITIVE;edible
41011013;"And <seeing a fig tree afar> off having leaves, he came, if haply he might find any thing thereon: and when he came to it, he found nothing but leaves; for the time of figs was not yet.";" Hostotan zen pikondo bat <urrunetik ikusirik>, hartan zerbait aurkituko ote zuen joan zen; bainan haratu eta hostorik baizik ez zuen aurkitu, ez baitzen piko-sasoina.";far-ABL see-PFV-RES;–tik;;postposition;;deictic
41011023;"For verily I say unto you, That whosoever shall say unto this mountain, <Be thou removed>, and be thou cast into the sea; and shall not doubt in his heart, but shall believe that those things which he saith shall come to pass; he shall have whatsoever he saith.";Egiaz diozuet: norbaitek mendi huni erraiten badio: «<Ken hortik> eta jauzi egizak itsasorat», eta erraiten duena gertatuko dela sinesten badu bere baitan duda-mudarik gabe, ardietsiko du.;remove there-ABL;–tik;;postposition;SOURCE is not expressed in the English version.;deictic
41012002a;And at the season he sent to the husbandmen a servant, that he might receive from the husbandmen <of the fruit of the vineyard>.;Sasoina etorri zenean, mutil bat igorri zioten mahastizaineri, <mahastiaren fruituetarik> parte bat heienganik altxatzeko.;vineyard-SG-GEN fruit-PL-ABL;–(r)ik;;postposition;PARTITIVE;edible
41012034;And when Jesus saw that he answered discreetly, he said unto him, Thou art not <far from the kingdom of God>. And no man after that durst ask him any question.;Zuhurki ihardetsi zuela ikusirik, Jesusek erran zion: –Ez zira <Jainkoaren erresumatik urrun>.;God-SG-GEN kingdom-ABL far;–tik;;postposition;DISTANCE;
41012044;"For all they did cast in <of their abundance>; but she of her want did cast in all that she had, even all her living.";" Ezen beste guziek <beren soberakinetik> ezarri dute; horrek, aldiz, bere eskasiatik, zaukan guzia, bizitzeko behar zuen guzia ezarri du».";POSS.3PL excess-ABL;–tik;;postposition;PARTITIVE;
41012044a;"For all they did cast in of their abundance; but she of her want did cast in all that she had, even all her living.";" Ezen beste guziek beren soberakinetik ezarri dute; horrek, aldiz, <bere eskasiatik>, zaukan guzia, bizitzeko behar zuen guzia ezarri du».";POSS.3SG scarcity-ABL;–tik;;postposition;Metaphorical SOURCE o PARTITIVE?;
41013019;For in those days shall be affliction, such as was not <from the beginning of the creation> which God created unto this time, neither shall be.; Zeren egun heietan nahigabe handia izanen baita, Jainkoak mundua kreatu zuen <haste hartarik> orai arte gertatu eta gehiago gertatuko ez den bezalakoa. ;beginning that.OBL-ABL;–(r)ik;;postposition;TIME;time
41013023;But take ye heed: behold, I have foretold you all things.; Zuek, beraz, kasu egizue! Denak <aitzinetik> erran dauzkizuet.;before-ABL;–tik;;postposition;TIME;time
41013025;And the stars of heaven shall fall, and the powers that are in heaven shall be shaken.;izarrak <zerutik> erortzen hasiko dira eta kordokatuko zeruetako indarrak. ;heaven-ABL;–tik;;postposition;Basque example expresses SOURCE of the verb FALL.;
41014005;For it might have been sold <for more than three hundred pence>, and have been given to the poor. And they murmured against her.;<Hiru ehun denarioz goiti> sal zitekeen eta saria behartsueri eman. Eta kexu ziren emazteaz.;three hundred pence-INS up-ABL;–ti;;postposition;PROLATIVE;quantor?
41014008;She hath done what she could: she is come <aforehand> to anoint my body to the burying. ;Ahal zuena egin du: nere gorputza usaingozoztatu du <aitzinetik>, ehorzketarako. ;before-ABL;–tik;;postposition;TIME;time
41014020;And he answered and said unto them, It is one of the twelve, that dippeth with me in the dish.;Jesusek ihardetsi: –Hamabietarik batek, nerekin <untzi beretik> jaten ari denak. ;container same-ABL;–tik;;postposition;PARTITIVE;edible
41015036;"And one ran and filled a spunge full of vinegar, and put it on a reed, and gave
him to drink, saying, Let alone; let us see whether Elias will come <to take him down>.";Orduan, norbait lasterka joan zen, mustuka bat ozpinez bete eta, kanabera baten muturrean ezarririk, edatera eman zion, erranez: «Bego, ea Elias <hortik jaustera> etorriko zaion».;there-ABL take_down-NMLZ-ALL;–tik;;postposition;SOURCE is not expressed in the English version.;artifact
41015040;"There were also women <looking on afar off>: among whom was Mary Magdalene, and Mary the mother of James the less and of Joses, and Salome;";"Emazte batzu ere baziren han, <urrunetik so>; heien artean, Magdalako Maria, Jakobe gaztearen eta Josesen ama Maria, eta Salome,";far-ABL look;–tik;;postposition;;deictic
41015046;And he bought fine linen, and <took him down>, and wrapped him in the linen, and laid him in a sepulchre which was hewn out of a rock, and rolled a stone unto the door of the sepulchre.;Hunek hil-mihise bat erosi zuen, Jesus <gurutzetik jautsi>, hil-mihiseaz inguratu eta harrokan zilatu hilobi batean ezarri. Gero harri bat itzulikatu zuen hilobi sartzearen hesteko.;cross-ABL take_down-PFV;–tik;;postposition;SOURCE is not expressed in the English version.;artifact
41006011;And whosoever shall not receive you, nor hear you, <when ye depart thence>, shake off the dust under your feet for a testimony against them. Verily I say unto you, It shall be more tolerable for Sodom and Gomorrha in the day of judgment, than for that city.; nunbait ongi etorri egiten ez badauzuete, eta entzun nahi ere ez, <handik joaitean>, oinetako errautsa inarrosazue, heien kontrako lekukotzat».;there-ABL go.NMLZ-INE;–tik;–dik;postposition;;deictic
41007006;He answered and said unto them, Well hath Esaias prophesied of you hypocrites, as it is written, This people honoureth me with their lips, but their heart is <far from me>.;"Jesusek ihardetsi: –Itxurazaleak, zuek! Ederki mintzatu zen zuetaz Isaias profeta, hau idatzia baita: Herri hunek ezpainez ohoratzen nau, bainan bihotza <nereganik urrun> du;";1SG-GEN-ANIM-ABL;–(r)ik;;postposition;DISTANCE;person
41007019;Because it entereth not into his heart, but into the belly, and goeth out into the draught, purging all meats?;ez baitzaio bihotzerat sartzen, sabelerat baizik, eta <handik> ongarri-zilorat.;there-ABL;–tik;–dik;postposition;SOURCE is not expressed in the English version.;deictic
41009021;And he asked his father, How long is it ago since this came unto him? And he said, <Of a child>.; Jesusek aitari galdatu zion: –Noizdanik gertatzen zaio hori? Harek ihardetsi: – <Haur-haurretik>.;child-child-ABL;–tik;;postposition;TIME. The INANIMATE ABL marker -tik is added to the noun for CHILD, to convey a temporal value. Otherwise the ANIM marker would be needed.;time
41009030;"And they <departed thence>, and passed through Galilee; and he would not that any man should know it.";<Handik> atera eta Galilean barna zoatzin. Jesusek ez zuen nahi nehork jakin zezan,;there-ABL depart.PFV;–tik;–dik;postposition;;deictic
41010020;And he answered and said unto him, Master, all these have I observed <from my youth>.; Harek, orduan: –Irakasle jauna, <gazte-gaztetik> begiratu dut hori guzia.;young-young-ABL;–tik;–dik;postposition;TIME.;time
41010034;And they shall mock him, and shall scourge him, and shall spit upon him, and shall kill him: and the third day he shall rise again.;"trufatuko dute, tu eginen diote, azotatu eta hilen dute; eta <handik hiru egunen buruan> piztuko da».";there-ABL three day-PL.GEN head-SG.INE;–tik;–dik;postposition;TIME;temporal deixis
41011020;And in the morning, as they passed by, they saw the fig tree dried up from the roots.;Goizean, <handik> iragaitean, pikondoa erroetaraino eihartua ikusi zuten. ;there-ABL;–tik;–dik;postposition;PROLATIVE;deictic
41001007;And preached, saying, There cometh one mightier than I <after me>, the latchet of whose shoes I am not worthy to stoop down and unloose.;Hau oihukatzen zuen: «<Nere ondotik> dator ni baino ahaltsuago dena, eta ni ez naiz on ukurtu eta haren oinetako lokarriaren laxatzeko ere.;1SG-GEN side-ABL;–tik;;postposition;TIME;temporal deixis
41001017;And Jesus said unto them, Come ye <after me>, and I will make you to become fishers of men.;Jesusek erran zioten: «Zatozte <nere ondotik> eta jende arrantzale eginen zaituztet».;1SG-GEN side-ABL;–tik;;postposition;TIME;temporal deixis
41001020;And straightway he called them: and they left their father Zebedee in the ship with the hired servants, and went <after him>.;Eta berehala dei egin zioten. Beren aita Zebedeo eta mutilak untzian utzirik, <Jesusen ondotik> joan ziren.;Jesus-GEN side-ABL;–tik;;postposition;TIME;
41005034;"And he said unto her, Daughter, thy faith hath made thee whole; go in peace, and be whole <of thy plague>.";"Jesusek erran zion: «Ene alaba, zeure fedeak salbatu zaitu; zoazi bakean, <zeure gaitzetik sendo>».";POSS.2SG illness-ABL recovered;–tik;;postposition;COMPLEMENT;
41008015;And he charged them, saying, Take heed, <beware of the leaven of the Pharisees, and of the leaven of Herod>.;Jesusek gomendatu zioten: «Kasu! <Farisauen eta Herodesen altxagarritik begira zaitezte>!»;Pharisee-PL.GEN and Herod-GEN leaven-ABL beware IMP.2PL;–tik;;postposition;COMPLEMENT;
41012024;And Jesus answering said unto them, Do ye not therefore <err>, because ye know not the scriptures, neither the power of God?; Jesusek erran zioten: –Ez ote zabiltzate <bide makurretik>, Liburu Sainduak eta Jainkoaren ahala ezagutzen ez dituzuelakotz?;way wrong-ABL;–tik;;postposition;PARTITIVE;path
41012027;He is not the God of the dead, but the God of the living: ye therefore do greatly <err>.; Ez da hilen Jainkoa, biziena bai. Arrunt <bide makurretik> zabiltzate.;way wrong-ABL;–tik;;postposition;PARTITIVE;path
41012013;And they send unto him certain of the Pharisees and of the Herodians, to catch him <in his words>.; Farisau eta Herodesen alderdiko batzu igorri ziozkaten Jesusi, <eleetarik atzemaiteko>.;word-PL-ABL;–(r)ik;;postposition;PARTITIVE;
41012004;"And again he sent unto them another servant; and at him they cast stones, and wounded him in the head, and sent him away shamefully handled.";"Berriz beste mutil bat igorri zioten; hari <burutik beheiti> eman eta laidostatu zuten. ";head-ABL donward;–tik;;postposition;fixed expression, lit. 'from the top to the bottom';
41005026;"And a certain woman, which had an issue of blood twelve years, [26] And had suffered many things <of many physicians>, and had spent all that she
had, and was nothing bettered, but rather grew worse,"; 25 Bazen han emazte bat, hamabi urte hartan odol-galtzeak zituena, 26 <mediku ainitzenganik> zernahi jasana, zituen guziak xahuturik batere hobekitu gabea, izaitekotan gaizkiago baizik ez zoana.;physician many-PL.GEN-ANIM-ABL;–(r)ik;;postposition;;person
41009021a;And he asked his father, <How long is it ago since> this came unto him? And he said, Of a child.; Jesusek aitari galdatu zion: – <Noizdanik> gertatzen zaio hori? Harek ihardetsi: – Haur-haurretik.;when-ABL;–danik;;postposition;TIME. THe suffix -danik is an archaism preserved in Northern Basque. It is composed of the element -da(n)- and the partitive-ablative marker -(r)ik. This complex marker is added to adverbs of time.;time
;;;;;;;;
;;;;;;;;
;;;;;;;;
;;;;;;;;
;;;;;;;;
;;;;;;;;
;;;;;;;;
;;;;;;;;
;;;;;;;;
;;;;;;;;
;;;;;;;;
;;;;;;;;
;;;;;;;;
;;;;;;;;
;;;;;;;;
;;;;;;;;
;;;;;;;;
;;;;;;;;
;;;;;;;;
;;;;;;;;
;;;;;;;;
;;;;;;;;
;;;;;;;;
;;;;;;;;
;;;;;;;;
;;;;;;;;
;;;;;;;;
;;;;;;;;
;;;;;;;;
;;;;;;;;
;;;;;;;;
;;;;;;;;
;;;;;;;;
;;;;;;;;
;;;;;;;;
;;;;;;;;
;;;;;;;;
;;;;;;;;
;;;;;;;;
;;;;;;;;
;;;;;;;;
;;;;;;;;
;;;;;;;;
;;;;;;;;
;;;;;;;;
;;;;;;;;
;;;;;;;;
;;;;;;;;
;;;;;;;;
;;;;;;;;
;;;;;;;;
;;;;;;;;
;;;;;;;;
;;;;;;;;
;;;;;;;;
;;;;;;;;
;;;;;;;;
;;;;;;;;
;;;;;;;;
;;;;;;;;
;;;;;;;;
;;;;;;;;
;;;;;;;;
;;;;;;;;
;;;;;;;;
;;;;;;;;
;;;;;;;;
;;;;;;;;
;;;;;;;;
;;;;;;;;
;;;;;;;;
;;;;;;;;
;;;;;;;;
;;;;;;;;
;;;;;;;;
;;;;;;;;
;;;;;;;;
;;;;;;;;
;;;;;;;;
;;;;;;;;
;;;;;;;;
;;;;;;;;
;;;;;;;;
;;;;;;;;
;;;;;;;;
;;;;;;;;
;;;;;;;;
;;;;;;;;
;;;;;;;;
;;;;;;;;
;;;;;;;;
;;;;;;;;
;;;;;;;;
;;;;;;;;
;;;;;;;;
;;;;;;;;
;;;;;;;;
;;;;;;;;
;;;;;;;;
;;;;;;;;
;;;;;;;;
;;;;;;;;
;;;;;;;;
;;;;;;;;
;;;;;;;;
;;;;;;;;
;;;;;;;;
;;;;;;;;
;;;;;;;;
;;;;;;;;
;;;;;;;;
;;;;;;;;
;;;;;;;;
;;;;;;;;
;;;;;;;;
;;;;;;;;
;;;;;;;;
;;;;;;;;
;;;;;;;;
;;;;;;;;
;;;;;;;;
;;;;;;;;
;;;;;;;;
;;;;;;;;
;;;;;;;;
;;;;;;;;
;;;;;;;;
;;;;;;;;
;;;;;;;;
;;;;;;;;
;;;;;;;;
;;;;;;;;
;;;;;;;;
;;;;;;;;
;;;;;;;;
;;;;;;;;
;;;;;;;;
;;;;;;;;
;;;;;;;;
;;;;;;;;
;;;;;;;;
;;;;;;;;
;;;;;;;;
;;;;;;;;
;;;;;;;;
;;;;;;;;
;;;;;;;;
;;;;;;;;
;;;;;;;;
;;;;;;;;
;;;;;;;;
;;;;;;;;
;;;;;;;;
;;;;;;;;
;;;;;;;;
;;;;;;;;
;;;;;;;;
;;;;;;;;
;;;;;;;;
;;;;;;;;
;;;;;;;;
;;;;;;;;
;;;;;;;;
;;;;;;;;
;;;;;;;;
;;;;;;;;
;;;;;;;;
;;;;;;;;
;;;;;;;;
;;;;;;;;
;;;;;;;;
;;;;;;;;
;;;;;;;;
;;;;;;;;
;;;;;;;;
;;;;;;;;
;;;;;;;;
;;;;;;;;
;;;;;;;;
;;;;;;;;
;;;;;;;;
;;;;;;;;
;;;;;;;;
;;;;;;;;
;;;;;;;;
;;;;;;;;
;;;;;;;;
;;;;;;;;
;;;;;;;;
;;;;;;;;
;;;;;;;;
;;;;;;;;
;;;;;;;;
;;;;;;;;
;;;;;;;;
;;;;;;;;
;;;;;;;;
;;;;;;;;
;;;;;;;;
;;;;;;;;
;;;;;;;;
;;;;;;;;
;;;;;;;;
;;;;;;;;
;;;;;;;;
;;;;;;;;
;;;;;;;;
;;;;;;;;
;;;;;;;;
;;;;;;;;
;;;;;;;;
;;;;;;;;
;;;;;;;;
;;;;;;;;
;;;;;;;;
;;;;;;;;
;;;;;;;;
;;;;;;;;
;;;;;;;;
;;;;;;;;
;;;;;;;;
;;;;;;;;
;;;;;;;;
;;;;;;;;
;;;;;;;;
;;;;;;;;
;;;;;;;;
;;;;;;;;
;;;;;;;;
;;;;;;;;
;;;;;;;;
;;;;;;;;
;;;;;;;;
;;;;;;;;
;;;;;;;;
;;;;;;;;
;;;;;;;;
;;;;;;;;
;;;;;;;;
;;;;;;;;
;;;;;;;;
;;;;;;;;
;;;;;;;;
;;;;;;;;
;;;;;;;;
;;;;;;;;
;;;;;;;;
;;;;;;;;
;;;;;;;;
;;;;;;;;
;;;;;;;;
;;;;;;;;
;;;;;;;;
;;;;;;;;
;;;;;;;;
;;;;;;;;
;;;;;;;;
;;;;;;;;
;;;;;;;;
;;;;;;;;
;;;;;;;;
;;;;;;;;
;;;;;;;;
;;;;;;;;
;;;;;;;;
;;;;;;;;
;;;;;;;;
;;;;;;;;
;;;;;;;;
;;;;;;;;
;;;;;;;;
;;;;;;;;
;;;;;;;;
;;;;;;;;
;;;;;;;;
;;;;;;;;
;;;;;;;;
;;;;;;;;
;;;;;;;;
;;;;;;;;
;;;;;;;;
;;;;;;;;
;;;;;;;;
;;;;;;;;
;;;;;;;;
;;;;;;;;
;;;;;;;;
;;;;;;;;
;;;;;;;;
;;;;;;;;
;;;;;;;;
;;;;;;;;
;;;;;;;;
;;;;;;;;
;;;;;;;;
;;;;;;;;
;;;;;;;;
;;;;;;;;
;;;;;;;;
;;;;;;;;
;;;;;;;;
;;;;;;;;
;;;;;;;;
;;;;;;;;
;;;;;;;;
;;;;;;;;
;;;;;;;;
;;;;;;;;
;;;;;;;;
;;;;;;;;
;;;;;;;;
;;;;;;;;
;;;;;;;;
;;;;;;;;
;;;;;;;;
;;;;;;;;
;;;;;;;;
;;;;;;;;
;;;;;;;;
;;;;;;;;
;;;;;;;;
;;;;;;;;
;;;;;;;;
;;;;;;;;
;;;;;;;;
;;;;;;;;
;;;;;;;;
;;;;;;;;
;;;;;;;;
;;;;;;;;
;;;;;;;;
;;;;;;;;
;;;;;;;;
;;;;;;;;
;;;;;;;;
;;;;;;;;
;;;;;;;;
;;;;;;;;
;;;;;;;;
;;;;;;;;
;;;;;;;;
;;;;;;;;
;;;;;;;;
;;;;;;;;
;;;;;;;;
;;;;;;;;
;;;;;;;;
;;;;;;;;
;;;;;;;;
;;;;;;;;
;;;;;;;;
;;;;;;;;
;;;;;;;;
;;;;;;;;
;;;;;;;;
;;;;;;;;
;;;;;;;;
;;;;;;;;
;;;;;;;;
;;;;;;;;
;;;;;;;;
;;;;;;;;
;;;;;;;;
;;;;;;;;
;;;;;;;;
;;;;;;;;
;;;;;;;;
;;;;;;;;
;;;;;;;;
;;;;;;;;
;;;;;;;;
;;;;;;;;
;;;;;;;;
;;;;;;;;
;;;;;;;;
;;;;;;;;
;;;;;;;;
;;;;;;;;
;;;;;;;;
;;;;;;;;
;;;;;;;;
;;;;;;;;
;;;;;;;;
;;;;;;;;
;;;;;;;;
;;;;;;;;
;;;;;;;;
;;;;;;;;
;;;;;;;;
;;;;;;;;
;;;;;;;;
;;;;;;;;
;;;;;;;;
;;;;;;;;
;;;;;;;;
;;;;;;;;
;;;;;;;;
;;;;;;;;
;;;;;;;;
;;;;;;;;
;;;;;;;;
;;;;;;;;
;;;;;;;;
;;;;;;;;
;;;;;;;;
;;;;;;;;
;;;;;;;;
;;;;;;;;
;;;;;;;;
;;;;;;;;
;;;;;;;;
;;;;;;;;
;;;;;;;;
;;;;;;;;
;;;;;;;;
;;;;;;;;
;;;;;;;;
;;;;;;;;
;;;;;;;;
;;;;;;;;
;;;;;;;;
;;;;;;;;
;;;;;;;;
;;;;;;;;
;;;;;;;;
;;;;;;;;
;;;;;;;;
;;;;;;;;
;;;;;;;;
;;;;;;;;
;;;;;;;;
;;;;;;;;
;;;;;;;;
;;;;;;;;
;;;;;;;;
;;;;;;;;
;;;;;;;;
;;;;;;;;
;;;;;;;;
;;;;;;;;
;;;;;;;;
;;;;;;;;
;;;;;;;;
;;;;;;;;
;;;;;;;;
;;;;;;;;
;;;;;;;;
;;;;;;;;
;;;;;;;;
;;;;;;;;
;;;;;;;;
;;;;;;;;
;;;;;;;;
;;;;;;;;
;;;;;;;;
;;;;;;;;
;;;;;;;;
;;;;;;;;
;;;;;;;;
;;;;;;;;
;;;;;;;;
;;;;;;;;
;;;;;;;;
;;;;;;;;
;;;;;;;;
;;;;;;;;
;;;;;;;;
;;;;;;;;
;;;;;;;;
;;;;;;;;
;;;;;;;;
;;;;;;;;
;;;;;;;;
;;;;;;;;
;;;;;;;;
;;;;;;;;
;;;;;;;;
;;;;;;;;
;;;;;;;;
;;;;;;;;
;;;;;;;;
;;;;;;;;
;;;;;;;;
;;;;;;;;
;;;;;;;;
;;;;;;;;
;;;;;;;;
;;;;;;;;
;;;;;;;;
;;;;;;;;
;;;;;;;;
;;;;;;;;
;;;;;;;;
;;;;;;;;
;;;;;;;;
;;;;;;;;
;;;;;;;;
;;;;;;;;
;;;;;;;;
;;;;;;;;
;;;;;;;;
;;;;;;;;
;;;;;;;;
;;;;;;;;
;;;;;;;;
;;;;;;;;
;;;;;;;;
;;;;;;;;
;;;;;;;;
;;;;;;;;
;;;;;;;;
;;;;;;;;
;;;;;;;;
;;;;;;;;
;;;;;;;;
;;;;;;;;
;;;;;;;;
;;;;;;;;
;;;;;;;;
;;;;;;;;
;;;;;;;;
;;;;;;;;
;;;;;;;;
;;;;;;;;
;;;;;;;;
;;;;;;;;
;;;;;;;;
;;;;;;;;
;;;;;;;;
;;;;;;;;
;;;;;;;;
;;;;;;;;
;;;;;;;;
;;;;;;;;
;;;;;;;;
;;;;;;;;
;;;;;;;;
;;;;;;;;
;;;;;;;;
;;;;;;;;
;;;;;;;;
;;;;;;;;
;;;;;;;;
;;;;;;;;
;;;;;;;;
;;;;;;;;
;;;;;;;;
;;;;;;;;
;;;;;;;;
;;;;;;;;
;;;;;;;;
;;;;;;;;
;;;;;;;;
;;;;;;;;
;;;;;;;;
;;;;;;;;
;;;;;;;;
;;;;;;;;
;;;;;;;;
;;;;;;;;
;;;;;;;;
;;;;;;;;
;;;;;;;;
;;;;;;;;
;;;;;;;;
;;;;;;;;
;;;;;;;;
;;;;;;;;
;;;;;;;;
;;;;;;;;
;;;;;;;;
;;;;;;;;
;;;;;;;;
;;;;;;;;
;;;;;;;;
;;;;;;;;
;;;;;;;;
;;;;;;;;
;;;;;;;;
;;;;;;;;
;;;;;;;;
;;;;;;;;
;;;;;;;;
;;;;;;;;
;;;;;;;;
;;;;;;;;
;;;;;;;;
;;;;;;;;
;;;;;;;;
;;;;;;;;
;;;;;;;;
;;;;;;;;
;;;;;;;;
;;;;;;;;
;;;;;;;;
;;;;;;;;
;;;;;;;;
;;;;;;;;
;;;;;;;;
;;;;;;;;
;;;;;;;;
;;;;;;;;
;;;;;;;;
;;;;;;;;
;;;;;;;;
;;;;;;;;
;;;;;;;;
;;;;;;;;
;;;;;;;;
;;;;;;;;
;;;;;;;;
;;;;;;;;
;;;;;;;;
;;;;;;;;
;;;;;;;;
;;;;;;;;
;;;;;;;;
;;;;;;;;
;;;;;;;;
;;;;;;;;
;;;;;;;;
;;;;;;;;
;;;;;;;;
;;;;;;;;
;;;;;;;;
;;;;;;;;
;;;;;;;;
;;;;;;;;
;;;;;;;;
;;;;;;;;
;;;;;;;;
;;;;;;;;
;;;;;;;;
;;;;;;;;
;;;;;;;;
;;;;;;;;
;;;;;;;;
;;;;;;;;
;;;;;;;;
;;;;;;;;
;;;;;;;;
;;;;;;;;
;;;;;;;;
;;;;;;;;
;;;;;;;;
;;;;;;;;
;;;;;;;;
;;;;;;;;
;;;;;;;;
;;;;;;;;
;;;;;;;;
;;;;;;;;
;;;;;;;;
;;;;;;;;
;;;;;;;;
;;;;;;;;
;;;;;;;;
;;;;;;;;
;;;;;;;;
;;;;;;;;
;;;;;;;;
;;;;;;;;
;;;;;;;;
;;;;;;;;
;;;;;;;;
;;;;;;;;
;;;;;;;;
;;;;;;;;
;;;;;;;;
;;;;;;;;
;;;;;;;;
;;;;;;;;
;;;;;;;;
;;;;;;;;
;;;;;;;;
;;;;;;;;
;;;;;;;;
;;;;;;;;
;;;;;;;;
;;;;;;;;
;;;;;;;;
;;;;;;;;
;;;;;;;;
;;;;;;;;
;;;;;;;;
;;;;;;;;
;;;;;;;;
;;;;;;;;
;;;;;;;;
;;;;;;;;
;;;;;;;;
;;;;;;;;
;;;;;;;;
;;;;;;;;
;;;;;;;;
;;;;;;;;
;;;;;;;;
;;;;;;;;
;;;;;;;;
;;;;;;;;
;;;;;;;;
;;;;;;;;
;;;;;;;;
;;;;;;;;
;;;;;;;;
;;;;;;;;
;;;;;;;;
;;;;;;;;
;;;;;;;;
;;;;;;;;
;;;;;;;;
;;;;;;;;
;;;;;;;;
;;;;;;;;
;;;;;;;;
;;;;;;;;
;;;;;;;;
;;;;;;;;
;;;;;;;;
;;;;;;;;
;;;;;;;;
;;;;;;;;
;;;;;;;;
;;;;;;;;
;;;;;;;;
;;;;;;;;
;;;;;;;;
;;;;;;;;
;;;;;;;;
;;;;;;;;
;;;;;;;;
;;;;;;;;
;;;;;;;;
;;;;;;;;
;;;;;;;;
;;;;;;;;
;;;;;;;;
;;;;;;;;
;;;;;;;;
;;;;;;;;
;;;;;;;;
;;;;;;;;
;;;;;;;;
;;;;;;;;
;;;;;;;;
;;;;;;;;
;;;;;;;;
;;;;;;;;
;;;;;;;;
;;;;;;;;
;;;;;;;;
;;;;;;;;
;;;;;;;;
;;;;;;;;
;;;;;;;;
;;;;;;;;
;;;;;;;;
;;;;;;;;
;;;;;;;;
;;;;;;;;
;;;;;;;;
;;;;;;;;
;;;;;;;;
;;;;;;;;
;;;;;;;;
;;;;;;;;
;;;;;;;;
;;;;;;;;
;;;;;;;;
;;;;;;;;
;;;;;;;;
;;;;;;;;
;;;;;;;;
;;;;;;;;
;;;;;;;;
;;;;;;;;
;;;;;;;;
;;;;;;;;
;;;;;;;;
;;;;;;;;
;;;;;;;;
;;;;;;;;
;;;;;;;;
;;;;;;;;
;;;;;;;;
;;;;;;;;
;;;;;;;;
;;;;;;;;
;;;;;;;;
;;;;;;;;
;;;;;;;;
;;;;;;;;
;;;;;;;;
;;;;;;;;
;;;;;;;;
;;;;;;;;
;;;;;;;;
;;;;;;;;
;;;;;;;;
;;;;;;;;
;;;;;;;;
;;;;;;;;
;;;;;;;;
;;;;;;;;
;;;;;;;;
;;;;;;;;
;;;;;;;;
;;;;;;;;
;;;;;;;;
;;;;;;;;
;;;;;;;;
;;;;;;;;
;;;;;;;;
;;;;;;;;
;;;;;;;;
;;;;;;;;
;;;;;;;;
;;;;;;;;
;;;;;;;;
;;;;;;;;
;;;;;;;;
;;;;;;;;
;;;;;;;;
;;;;;;;;
;;;;;;;;
;;;;;;;;
;;;;;;;;
;;;;;;;;
;;;;;;;;
;;;;;;;;
;;;;;;;;
;;;;;;;;
;;;;;;;;
;;;;;;;;
;;;;;;;;
;;;;;;;;
;;;;;;;;
;;;;;;;;
;;;;;;;;
;;;;;;;;
;;;;;;;;
;;;;;;;;
;;;;;;;;
;;;;;;;;
;;;;;;;;
;;;;;;;;
;;;;;;;;
;;;;;;;;
;;;;;;;;
;;;;;;;;
;;;;;;;;
;;;;;;;;
;;;;;;;;
;;;;;;;;
;;;;;;;;
;;;;;;;;
;;;;;;;;
;;;;;;;;
;;;;;;;;
;;;;;;;;
;;;;;;;;
;;;;;;;;
;;;;;;;;
;;;;;;;;